frequency,keyword,length,chapter
96,speech
60,language
31,thought
24,auditory
23,motor
19,linguistic
18,symbolism
18,sounds
18,instinctive
16,words
96,speech
60,language
31,thought
24,auditory
23,motor
19,linguistic
18,symbolism
18,sounds
18,instinctive
16,words
55,science
51,language
24,nature
18,human
17,sciences
17,history
16,languages
15,comparative
14,plants
14,knowledge
55,science
51,language
24,nature
18,human
17,sciences
17,history
16,languages
15,comparative
14,plants
14,knowledge
